USE timetracking;
DELETE FROM time_logs;
DELETE FROM users;
DELETE FROM employees;

-- Insert sample data
INSERT INTO employees (empid, first_name, last_name, email, hire_date, hourly_rate, job_title) VALUES
(1, 'Snoopy', 'Beagle', 'snoopy@company.com', '2020-01-15', 25.00, 'Software Engineer'),
(2, 'Charlie', 'Brown', 'charlie@company.com', '2020-02-20', 22.50, 'Marketing Associate'),
(3, 'Lucy', 'Van Pelt', 'lucy@company.com', '2019-11-10', 30.00, 'Product Manager'),
(4, 'Linus', 'Van Pelt', 'linus@company.com', '2021-03-05', 28.00, 'QA Analyst'),
(5, 'Peppermint', 'Patty', 'patty@company.com', '2021-04-12', 27.50, 'Project Coordinator'),
(6, 'Schroeder', 'Music', 'schroeder@company.com', '2020-05-18', 29.00, 'DevOps Engineer'),
(7, 'Woodstock', 'Bird', 'woodstock@company.com', '2022-01-10', 21.00, 'Intern'),
(8, 'Marcie', 'Smart', 'marcie@company.com', '2019-09-22', 32.00, 'UI/UX Designer'),
(9, 'Franklin', 'Armstrong', 'franklin@company.com', '2020-07-30', 26.75, 'Business Analyst'),
(10, 'Pigpen', 'Dusty', 'pigpen@company.com', '2021-08-15', 24.00, 'Support Specialist'),
(11, 'System', 'Admin', 'admin@company.com', CURDATE(), 0.01, 'Administrator');

-- Insert users with plain text passwords
INSERT INTO users (username, password, role, empid) VALUES
('admin', 'adminpass', 'admin', 11),
('snoopy', 'emppass', 'employee', 1),
('charlie', 'emppass', 'employee', 2),
('lucy', 'emppass', 'employee', 3),
('linus', 'emppass', 'employee', 4),
('patty', 'emppass', 'employee', 5),
('schroeder', 'emppass', 'employee', 6),
('woodstock', 'emppass', 'employee', 7),
('marcie', 'emppass', 'employee', 8),
('franklin', 'emppass', 'employee', 9),
('pigpen', 'emppass', 'employee', 10);

-- Insert time logs (all your original data)
INSERT INTO time_logs (empid, punch_in, punch_out) VALUES
(1, '2025-07-01 09:00:00', '2025-07-01 17:00:00'),
(1, '2025-07-02 09:15:00', '2025-07-02 16:45:00'),
(1, '2025-07-03 08:50:00', '2025-07-03 17:10:00'),
(1, '2025-07-04 09:00:00', '2025-07-04 17:00:00'),
(1, '2025-07-05 09:00:00', '2025-07-05 14:00:00'),
(2, '2025-07-01 08:30:00', '2025-07-01 16:30:00'),
(2, '2025-07-02 08:45:00', '2025-07-02 17:00:00'),
(2, '2025-07-03 09:00:00', '2025-07-03 17:00:00'),
(2, '2025-07-04 09:00:00', '2025-07-04 17:00:00'),
(2, '2025-07-05 09:30:00', '2025-07-05 15:00:00'),
(3, '2025-07-01 09:00:00', '2025-07-01 17:00:00'),
(3, '2025-07-02 09:15:00', '2025-07-02 17:15:00'),
(3, '2025-07-03 08:45:00', '2025-07-03 16:30:00'),
(3, '2025-07-04 09:00:00', '2025-07-04 16:45:00'),
(3, '2025-07-05 09:00:00', '2025-07-05 12:00:00'),
(4, '2025-07-01 08:45:00', '2025-07-01 16:15:00'),
(4, '2025-07-02 09:00:00', '2025-07-02 17:00:00'),
(4, '2025-07-03 09:00:00', '2025-07-03 17:00:00'),
(4, '2025-07-04 09:15:00', '2025-07-04 16:45:00'),
(4, '2025-07-05 09:00:00', '2025-07-05 15:00:00'),
(5, '2025-07-01 09:00:00', '2025-07-01 17:00:00'),
(5, '2025-07-02 09:00:00', '2025-07-02 17:00:00'),
(5, '2025-07-03 09:00:00', '2025-07-03 17:00:00'),
(5, '2025-07-04 09:00:00', '2025-07-04 17:00:00'),
(5, '2025-07-05 09:00:00', '2025-07-05 13:00:00'),
(6, '2025-07-01 09:00:00', '2025-07-01 17:00:00'),
(6, '2025-07-02 09:15:00', '2025-07-02 16:45:00'),
(6, '2025-07-03 09:00:00', '2025-07-03 17:00:00'),
(6, '2025-07-04 09:00:00', '2025-07-04 17:00:00'),
(6, '2025-07-05 09:00:00', '2025-07-05 14:00:00'),
(7, '2025-07-01 09:00:00', '2025-07-01 17:00:00'),
(7, '2025-07-02 09:00:00', '2025-07-02 17:00:00'),
(7, '2025-07-03 09:00:00', '2025-07-03 17:00:00'),
(7, '2025-07-04 09:00:00', '2025-07-04 17:00:00'),
(7, '2025-07-05 09:00:00', '2025-07-05 15:00:00'),
(8, '2025-07-01 08:45:00', '2025-07-01 16:30:00'),
(8, '2025-07-02 09:00:00', '2025-07-02 17:00:00'),
(8, '2025-07-03 09:00:00', '2025-07-03 17:00:00'),
(8, '2025-07-04 09:15:00', '2025-07-04 17:00:00'),
(8, '2025-07-05 09:00:00', '2025-07-05 14:00:00'),
(9, '2025-07-01 09:00:00', '2025-07-01 17:00:00'),
(9, '2025-07-02 09:00:00', '2025-07-02 17:00:00'),
(9, '2025-07-03 09:00:00', '2025-07-03 17:00:00'),
(9, '2025-07-04 09:00:00', '2025-07-04 17:00:00'),
(9, '2025-07-05 09:00:00', '2025-07-05 15:00:00'),
(10, '2025-07-01 09:00:00', '2025-07-01 17:00:00'),
(10, '2025-07-02 09:15:00', '2025-07-02 16:45:00'),
(10, '2025-07-03 08:45:00', '2025-07-03 16:30:00'),
(10, '2025-07-04 09:00:00', '2025-07-04 16:45:00'),
(10, '2025-07-05 09:00:00', '2025-07-05 13:00:00');


UPDATE users SET password = 'emppass' WHERE username = 'snoopy';
UPDATE users SET password = 'emppass' WHERE username = 'snoopy';



